Sujet,Aides
Actualités,33010242
Politique,1435331
Economie,1336640
Religion,1281123
Alimentation,39687
Actualités locales,25249689
Sciences,301162
Technologies,28193
Urbanisme,44421
Sports,1273283
Satire,327357
Actualités étrangères,594146
Environnement,48424
Ecologie,57714
Médecine,385141
Agriculture,403038
Actualités littéraires,8000
Reportages,26310
Enquêtes sociales,18511
Société,367505
Enquêtes,40098
Fonction publique territoriale,307140
Initiatives citoyennes,42252
Art,63529
Transports,50000
Culture,40000
Philosophie,100314
Cinéma,129569
Artisanat,5658
Droit,393755
Comptabilité,78751
Management,78751
Santé,38088
Photo,30000
Récit,35463
Littérature,3518
